id,created,updated,product,user
1,2024-01-17 13:18:47,2024-01-17 13:18:47,,
2,2024-01-17 13:18:56,2024-01-17 13:18:56,1,1
3,2024-01-18 00:03:07,2024-01-18 00:03:07,,
4,2024-01-18 00:41:55,2024-01-18 00:41:55,,
5,2024-01-18 00:44:40,2024-01-18 00:44:40,,
6,2024-01-18 16:28:10,2024-01-18 16:28:10,,
7,2024-01-20 13:08:00,2024-01-20 13:08:00,,
8,2024-01-20 13:08:00,2024-01-20 13:08:00,,
9,2024-01-20 13:08:00,2024-01-20 13:08:00,,
10,2024-01-20 13:08:00,2024-01-20 13:08:00,,
11,2024-01-20 13:08:02,2024-01-20 13:08:02,,
12,2024-01-20 13:08:02,2024-01-20 13:08:02,,
13,2024-01-20 13:08:02,2024-01-20 13:08:02,,
14,2024-01-20 13:08:02,2024-01-20 13:08:02,,
15,2024-01-20 13:08:02,2024-01-20 13:08:02,,
16,2024-01-20 13:08:02,2024-01-20 13:08:02,,
17,2024-01-20 13:08:03,2024-01-20 13:08:03,,
18,2024-01-20 13:08:02,2024-01-20 13:08:02,,
19,2024-01-20 13:08:02,2024-01-20 13:08:02,,
20,2024-01-20 13:08:03,2024-01-20 13:08:03,,
21,2024-01-20 13:08:03,2024-01-20 13:08:03,,
22,2024-01-20 13:08:03,2024-01-20 13:08:03,,
23,2024-01-20 13:08:03,2024-01-20 13:08:03,,
24,2024-01-20 13:08:03,2024-01-20 13:08:03,,
25,2024-01-20 13:08:03,2024-01-20 13:08:03,,
26,2024-01-20 13:08:03,2024-01-20 13:08:03,,
27,2024-01-20 13:08:03,2024-01-20 13:08:03,,
28,2024-01-20 13:08:03,2024-01-20 13:08:03,,
29,2024-01-20 13:08:03,2024-01-20 13:08:03,,
30,2024-01-20 13:08:03,2024-01-20 13:08:03,,
31,2024-01-20 13:08:03,2024-01-20 13:08:03,,
32,2024-01-20 13:08:03,2024-01-20 13:08:03,,
33,2024-01-20 13:08:03,2024-01-20 13:08:03,,
34,2024-01-25 14:00:43,2024-01-25 14:00:43,,
35,2024-01-26 00:57:14,2024-01-26 00:57:14,,
36,2024-02-05 16:03:26,2024-02-05 16:03:26,,
